Comparison,clade,AA_mutation,AA_Position
Deta_BA.1,21J,G339D,339
Deta_BA.1,21J,S373P,373
Deta_BA.1,21J,S375F,375
Deta_BA.1,21J,F70V,70
Deta_BA.1,21J,L212I,212
Deta_BA.1,21J,N440K,440
Deta_BA.1,21J,G446S,446
Deta_BA.1,21J,R452L,452
Deta_BA.1,21J,S477N,477
Deta_BA.1,21J,E484A,484
Deta_BA.1,21J,Q493R,493
Deta_BA.1,21J,G496S,496
Deta_BA.1,21J,Q498R,498
Deta_BA.1,21J,N501Y,501
Deta_BA.1,21J,Y505H,505
Deta_BA.1,21J,T547K,547
Deta_BA.1,21J,H679K,679
Deta_BA.1,21J,R681H,681
Deta_BA.1,21J,A67V,67
Deta_BA.1,21J,N764K,764
Deta_BA.1,21J,N856K,856
Deta_BA.1,21J,D796Y,796
Deta_BA.1,21J,N950D,950
Deta_BA.1,21J,Q954H,954
Deta_BA.1,21J,N969K,969
Deta_BA.1,21J,L981F,981
BA.1_BA.2,21K,T19I,19
BA.1_BA.2,21K,L24S,24
BA.1_BA.2,21K,V213G,213
BA.1_BA.2,21K,S371F,371
BA.1_BA.2,21K,T376A,376
BA.1_BA.2,21K,D405N,405
BA.1_BA.2,21K,R408S,408
BA.1_BA.2,21K,I95T,95
BA.1_BA.2,21K,V67A,67
BA.1_BA.2,21K,L371S,371
BA.1_BA.2,21K,I215L,215
BA.1_BA.2,21K,S446G,446
BA.1_BA.2,21K,S496G,496
BA.1_BA.2,21K,K547T,547
BA.1_BA.2,21K,K856N,856
BA.1_BA.2,21K,F981L,981
BA.2_BA.4,21L,L452R,452
BA.2_BA.4,21L,F486V,486
BA.2_BA.4,21L,R493Q,493
,P809T,,